"variable","mean","median","sd","mad","q5","q95","rhat","ess_bulk","ess_tail"
"lp__",-8.1686918225,-7.869875,0.764781825499473,0.318069591000001,-9.719494,-7.639896,1.0007554047036,1923.92112234636,2221.47783214457
"theta",0.67178340975,0.6809095,0.129984956835865,0.1317935031,0.4392866,0.87186835,1.00024815486067,1518.13588347445,1733.81703463462
